snapshot_date,center_id,sku,available_stock,reserved_stock
2024-05-20,TANGER,SKU_00001,72,17
2024-05-20,TANGER,SKU_00002,193,33
2024-05-20,TANGER,SKU_00003,417,26
2024-05-20,TANGER,SKU_00004,67,2
2024-05-20,TANGER,SKU_00005,487,29
2024-05-20,TANGER,SKU_00006,406,48
2024-05-20,TANGER,SKU_00007,150,36
2024-05-20,TANGER,SKU_00008,135,0
2024-05-20,TANGER,SKU_00009,351,9
2024-05-20,TANGER,SKU_00010,372,16
2024-05-20,TANGER,SKU_00011,148,20
2024-05-20,TANGER,SKU_00012,227,37
2024-05-20,TANGER,SKU_00013,338,4
2024-05-20,TANGER,SKU_00014,341,13
2024-05-20,TANGER,SKU_00015,426,35
2024-05-20,TANGER,SKU_00016,233,27
2024-05-20,TANGER,SKU_00017,161,37
2024-05-20,TANGER,SKU_00018,432,4
2024-05-20,TANGER,SKU_00019,145,10
2024-05-20,TANGER,SKU_00020,425,47
2024-05-20,TANGER,SKU_00021,88,34
2024-05-20,TANGER,SKU_00022,216,10
2024-05-20,TANGER,SKU_00023,263,29
2024-05-20,TANGER,SKU_00024,338,15
2024-05-20,TANGER,SKU_00025,497,4
2024-05-20,TANGER,SKU_00026,93,26
2024-05-20,TANGER,SKU_00027,196,35
2024-05-20,TANGER,SKU_00028,487,14
2024-05-20,TANGER,SKU_00029,149,35
2024-05-20,TANGER,SKU_00030,211,7
2024-05-20,TANGER,SKU_00031,267,17
2024-05-20,TANGER,SKU_00032,224,37
2024-05-20,TANGER,SKU_00033,154,14
2024-05-20,TANGER,SKU_00034,291,30
2024-05-20,TANGER,SKU_00035,486,8
2024-05-20,TANGER,SKU_00036,289,34
2024-05-20,TANGER,SKU_00037,141,43
2024-05-20,TANGER,SKU_00038,123,22
2024-05-20,TANGER,SKU_00039,334,0
2024-05-20,TANGER,SKU_00040,361,9
2024-05-20,TANGER,SKU_00041,153,14
2024-05-20,TANGER,SKU_00042,155,27
2024-05-20,TANGER,SKU_00043,355,5
2024-05-20,TANGER,SKU_00044,380,10
2024-05-20,TANGER,SKU_00045,153,12
2024-05-20,TANGER,SKU_00046,318,30
2024-05-20,TANGER,SKU_00047,345,37
2024-05-20,TANGER,SKU_00048,153,9
2024-05-20,TANGER,SKU_00049,115,34
2024-05-20,TANGER,SKU_00050,215,22
2024-05-20,TANGER,SKU_00051,443,32
2024-05-20,TANGER,SKU_00052,487,23
2024-05-20,TANGER,SKU_00053,292,33
2024-05-20,TANGER,SKU_00054,160,3
2024-05-20,TANGER,SKU_00055,465,24
2024-05-20,TANGER,SKU_00056,436,9
2024-05-20,TANGER,SKU_00057,347,20
2024-05-20,TANGER,SKU_00058,482,41
2024-05-20,TANGER,SKU_00059,298,15
2024-05-20,TANGER,SKU_00060,273,20
2024-05-20,TANGER,SKU_00061,231,15
2024-05-20,TANGER,SKU_00062,193,24
2024-05-20,TANGER,SKU_00063,170,45
2024-05-20,TANGER,SKU_00064,304,0
2024-05-20,TANGER,SKU_00065,276,31
2024-05-20,TANGER,SKU_00066,383,39
2024-05-20,TANGER,SKU_00067,493,29
2024-05-20,TANGER,SKU_00068,127,5
2024-05-20,TANGER,SKU_00069,334,23
2024-05-20,TANGER,SKU_00070,229,31
2024-05-20,TANGER,SKU_00071,426,5
2024-05-20,TANGER,SKU_00072,475,40
2024-05-20,TANGER,SKU_00073,421,47
2024-05-20,TANGER,SKU_00074,162,3
2024-05-20,TANGER,SKU_00075,107,34
2024-05-20,TANGER,SKU_00076,415,44
2024-05-20,TANGER,SKU_00077,288,20
2024-05-20,TANGER,SKU_00078,77,27
2024-05-20,TANGER,SKU_00079,444,17
2024-05-20,TANGER,SKU_00080,235,3
2024-05-20,TANGER,SKU_00081,147,2
2024-05-20,TANGER,SKU_00082,413,31
2024-05-20,TANGER,SKU_00083,371,45
2024-05-20,TANGER,SKU_00084,210,5
2024-05-20,TANGER,SKU_00085,256,5
2024-05-20,TANGER,SKU_00086,65,7
2024-05-20,TANGER,SKU_00087,149,41
2024-05-20,TANGER,SKU_00088,371,35
2024-05-20,TANGER,SKU_00089,261,31
2024-05-20,TANGER,SKU_00090,447,20
2024-05-20,TANGER,SKU_00091,456,15
2024-05-20,TANGER,SKU_00092,251,22
2024-05-20,TANGER,SKU_00093,122,10
2024-05-20,TANGER,SKU_00094,69,18
2024-05-20,TANGER,SKU_00095,271,44
2024-05-20,TANGER,SKU_00096,254,36
2024-05-20,TANGER,SKU_00097,374,13
2024-05-20,TANGER,SKU_00098,151,30
2024-05-20,TANGER,SKU_00099,482,41
2024-05-20,TANGER,SKU_00100,298,43
2024-05-20,TANGER,SKU_00101,199,17
2024-05-20,TANGER,SKU_00102,272,17
2024-05-20,TANGER,SKU_00103,452,6
2024-05-20,TANGER,SKU_00104,178,48
2024-05-20,TANGER,SKU_00105,443,36
2024-05-20,TANGER,SKU_00106,436,41
2024-05-20,TANGER,SKU_00107,438,21
2024-05-20,TANGER,SKU_00108,224,28
2024-05-20,TANGER,SKU_00109,440,36
2024-05-20,TANGER,SKU_00110,145,25
2024-05-20,TANGER,SKU_00111,207,6
2024-05-20,TANGER,SKU_00112,318,34
2024-05-20,TANGER,SKU_00113,390,37
2024-05-20,TANGER,SKU_00114,73,29
2024-05-20,TANGER,SKU_00115,333,26
2024-05-20,TANGER,SKU_00116,180,4
2024-05-20,TANGER,SKU_00117,358,2
2024-05-20,TANGER,SKU_00118,395,39
2024-05-20,TANGER,SKU_00119,254,37
2024-05-20,TANGER,SKU_00120,154,35
2024-05-20,TANGER,SKU_00121,166,4
2024-05-20,TANGER,SKU_00122,106,31
2024-05-20,TANGER,SKU_00123,154,5
2024-05-20,TANGER,SKU_00124,182,32
2024-05-20,TANGER,SKU_00125,93,26
2024-05-20,TANGER,SKU_00126,358,40
2024-05-20,TANGER,SKU_00127,443,24
2024-05-20,TANGER,SKU_00128,121,42
2024-05-20,TANGER,SKU_00129,487,22
2024-05-20,TANGER,SKU_00130,360,21
2024-05-20,TANGER,SKU_00131,231,14
2024-05-20,TANGER,SKU_00132,271,16
2024-05-20,TANGER,SKU_00133,96,16
2024-05-20,TANGER,SKU_00134,195,33
2024-05-20,TANGER,SKU_00135,129,0
2024-05-20,TANGER,SKU_00136,481,31
2024-05-20,TANGER,SKU_00137,301,30
2024-05-20,TANGER,SKU_00138,468,35
2024-05-20,TANGER,SKU_00139,139,46
2024-05-20,TANGER,SKU_00140,249,39
2024-05-20,TANGER,SKU_00141,265,33
2024-05-20,TANGER,SKU_00142,159,32
2024-05-20,TANGER,SKU_00143,132,37
2024-05-20,TANGER,SKU_00144,338,38
2024-05-20,TANGER,SKU_00145,130,0
2024-05-20,TANGER,SKU_00146,233,35
2024-05-20,TANGER,SKU_00147,97,35
2024-05-20,TANGER,SKU_00148,358,13
2024-05-20,TANGER,SKU_00149,188,36
2024-05-20,TANGER,SKU_00150,61,34
2024-05-20,TANGER,SKU_00151,72,20
2024-05-20,TANGER,SKU_00152,315,25
2024-05-20,TANGER,SKU_00153,457,18
2024-05-20,TANGER,SKU_00154,164,9
2024-05-20,TANGER,SKU_00155,157,33
2024-05-20,TANGER,SKU_00156,268,10
2024-05-20,TANGER,SKU_00157,207,36
2024-05-20,TANGER,SKU_00158,63,25
2024-05-20,TANGER,SKU_00159,60,35
2024-05-20,TANGER,SKU_00160,94,10
2024-05-20,TANGER,SKU_00161,476,5
2024-05-20,TANGER,SKU_00162,254,27
2024-05-20,TANGER,SKU_00163,395,38
2024-05-20,TANGER,SKU_00164,323,23
2024-05-20,TANGER,SKU_00165,121,33
2024-05-20,TANGER,SKU_00166,239,5
2024-05-20,TANGER,SKU_00167,192,28
2024-05-20,TANGER,SKU_00168,236,30
2024-05-20,TANGER,SKU_00169,129,3
2024-05-20,TANGER,SKU_00170,319,32
2024-05-20,TANGER,SKU_00171,368,44
2024-05-20,TANGER,SKU_00172,180,2
2024-05-20,TANGER,SKU_00173,185,24
2024-05-20,TANGER,SKU_00174,345,20
2024-05-20,TANGER,SKU_00175,157,19
2024-05-20,TANGER,SKU_00176,426,20
2024-05-20,TANGER,SKU_00177,345,41
2024-05-20,TANGER,SKU_00178,90,43
2024-05-20,TANGER,SKU_00179,100,8
2024-05-20,TANGER,SKU_00180,468,41
2024-05-20,TANGER,SKU_00181,422,27
2024-05-20,TANGER,SKU_00182,360,7
2024-05-20,TANGER,SKU_00183,239,15
2024-05-20,TANGER,SKU_00184,374,40
2024-05-20,TANGER,SKU_00185,271,27
2024-05-20,TANGER,SKU_00186,394,48
2024-05-20,TANGER,SKU_00187,193,33
2024-05-20,TANGER,SKU_00188,181,19
2024-05-20,TANGER,SKU_00189,187,49
2024-05-20,TANGER,SKU_00190,437,25
2024-05-20,TANGER,SKU_00191,191,39
2024-05-20,TANGER,SKU_00192,423,36
2024-05-20,TANGER,SKU_00193,180,27
2024-05-20,TANGER,SKU_00194,108,24
2024-05-20,TANGER,SKU_00195,301,18
2024-05-20,TANGER,SKU_00196,491,12
2024-05-20,TANGER,SKU_00197,66,29
2024-05-20,TANGER,SKU_00198,256,38
2024-05-20,TANGER,SKU_00199,91,2
2024-05-20,TANGER,SKU_00200,292,36
2024-05-20,TANGER,SKU_00201,272,1
2024-05-20,TANGER,SKU_00202,458,43
2024-05-20,TANGER,SKU_00203,475,7
2024-05-20,TANGER,SKU_00204,394,49
2024-05-20,TANGER,SKU_00205,217,17
2024-05-20,TANGER,SKU_00206,253,39
2024-05-20,TANGER,SKU_00207,318,16
2024-05-20,TANGER,SKU_00208,245,3
2024-05-20,TANGER,SKU_00209,257,10
2024-05-20,TANGER,SKU_00210,161,45
2024-05-20,TANGER,SKU_00211,296,22
2024-05-20,TANGER,SKU_00212,115,24
2024-05-20,TANGER,SKU_00213,324,42
2024-05-20,TANGER,SKU_00214,206,9
2024-05-20,TANGER,SKU_00215,196,22
2024-05-20,TANGER,SKU_00216,199,24
2024-05-20,TANGER,SKU_00217,272,16
2024-05-20,TANGER,SKU_00218,82,46
2024-05-20,TANGER,SKU_00219,378,8
2024-05-20,TANGER,SKU_00220,293,6
2024-05-20,TANGER,SKU_00221,407,35
2024-05-20,TANGER,SKU_00222,490,17
2024-05-20,TANGER,SKU_00223,105,18
2024-05-20,TANGER,SKU_00224,194,30
2024-05-20,TANGER,SKU_00225,72,28
2024-05-20,TANGER,SKU_00226,119,13
2024-05-20,TANGER,SKU_00227,265,37
2024-05-20,TANGER,SKU_00228,480,30
2024-05-20,TANGER,SKU_00229,252,12
2024-05-20,TANGER,SKU_00230,115,44
2024-05-20,TANGER,SKU_00231,481,0
2024-05-20,TANGER,SKU_00232,392,48
2024-05-20,TANGER,SKU_00233,172,45
2024-05-20,TANGER,SKU_00234,413,10
2024-05-20,TANGER,SKU_00235,119,27
2024-05-20,TANGER,SKU_00236,86,8
2024-05-20,TANGER,SKU_00237,170,24
2024-05-20,TANGER,SKU_00238,55,7
2024-05-20,TANGER,SKU_00239,103,4
2024-05-20,TANGER,SKU_00240,120,16
2024-05-20,TANGER,SKU_00241,150,2
2024-05-20,TANGER,SKU_00242,215,29
2024-05-20,TANGER,SKU_00243,257,35
2024-05-20,TANGER,SKU_00244,366,21
2024-05-20,TANGER,SKU_00245,327,43
2024-05-20,TANGER,SKU_00246,76,37
2024-05-20,TANGER,SKU_00247,216,33
2024-05-20,TANGER,SKU_00248,270,29
2024-05-20,TANGER,SKU_00249,393,9
2024-05-20,TANGER,SKU_00250,338,39
2024-05-20,TANGER,SKU_00251,67,15
2024-05-20,TANGER,SKU_00252,491,14
2024-05-20,TANGER,SKU_00253,464,17
2024-05-20,TANGER,SKU_00254,499,15
2024-05-20,TANGER,SKU_00255,180,18
2024-05-20,TANGER,SKU_00256,267,48
2024-05-20,TANGER,SKU_00257,318,24
2024-05-20,TANGER,SKU_00258,479,46
2024-05-20,TANGER,SKU_00259,173,5
2024-05-20,TANGER,SKU_00260,145,38
2024-05-20,TANGER,SKU_00261,303,43
2024-05-20,TANGER,SKU_00262,85,44
2024-05-20,TANGER,SKU_00263,179,44
2024-05-20,TANGER,SKU_00264,477,41
2024-05-20,TANGER,SKU_00265,396,37
2024-05-20,TANGER,SKU_00266,251,5
2024-05-20,TANGER,SKU_00267,499,12
2024-05-20,TANGER,SKU_00268,148,44
2024-05-20,TANGER,SKU_00269,369,18
2024-05-20,TANGER,SKU_00270,259,45
2024-05-20,TANGER,SKU_00271,155,29
2024-05-20,TANGER,SKU_00272,158,4
2024-05-20,TANGER,SKU_00273,284,20
2024-05-20,TANGER,SKU_00274,209,23
2024-05-20,TANGER,SKU_00275,118,31
2024-05-20,TANGER,SKU_00276,278,15
2024-05-20,TANGER,SKU_00277,343,1
2024-05-20,TANGER,SKU_00278,157,2
2024-05-20,TANGER,SKU_00279,58,14
2024-05-20,TANGER,SKU_00280,255,46
2024-05-20,TANGER,SKU_00281,485,40
2024-05-20,TANGER,SKU_00282,280,30
2024-05-20,TANGER,SKU_00283,264,12
2024-05-20,TANGER,SKU_00284,65,2
2024-05-20,TANGER,SKU_00285,206,35
2024-05-20,TANGER,SKU_00286,303,17
2024-05-20,TANGER,SKU_00287,276,24
2024-05-20,TANGER,SKU_00288,72,10
2024-05-20,TANGER,SKU_00289,265,21
2024-05-20,TANGER,SKU_00290,152,12
2024-05-20,TANGER,SKU_00291,285,4
2024-05-20,TANGER,SKU_00292,384,11
2024-05-20,TANGER,SKU_00293,467,24
2024-05-20,TANGER,SKU_00294,421,15
2024-05-20,TANGER,SKU_00295,160,23
2024-05-20,TANGER,SKU_00296,249,40
2024-05-20,TANGER,SKU_00297,432,12
2024-05-20,TANGER,SKU_00298,416,25
2024-05-20,TANGER,SKU_00299,239,26
2024-05-20,TANGER,SKU_00300,310,25
2024-05-20,TANGER,SKU_00301,177,7
2024-05-20,TANGER,SKU_00302,223,28
2024-05-20,TANGER,SKU_00303,332,45
2024-05-20,TANGER,SKU_00304,62,40
2024-05-20,TANGER,SKU_00305,470,16
2024-05-20,TANGER,SKU_00306,76,45
2024-05-20,TANGER,SKU_00307,389,16
2024-05-20,TANGER,SKU_00308,247,18
2024-05-20,TANGER,SKU_00309,194,35
2024-05-20,TANGER,SKU_00310,430,26
2024-05-20,TANGER,SKU_00311,434,30
2024-05-20,TANGER,SKU_00312,428,22
2024-05-20,TANGER,SKU_00313,216,11
2024-05-20,TANGER,SKU_00314,435,31
2024-05-20,TANGER,SKU_00315,155,24
2024-05-20,TANGER,SKU_00316,153,16
2024-05-20,TANGER,SKU_00317,110,48
2024-05-20,TANGER,SKU_00318,194,13
2024-05-20,TANGER,SKU_00319,429,3
2024-05-20,TANGER,SKU_00320,330,35
2024-05-20,TANGER,SKU_00321,321,35
2024-05-20,TANGER,SKU_00322,342,1
2024-05-20,TANGER,SKU_00323,62,47
2024-05-20,TANGER,SKU_00324,393,21
2024-05-20,TANGER,SKU_00325,244,14
2024-05-20,TANGER,SKU_00326,419,24
2024-05-20,TANGER,SKU_00327,456,30
2024-05-20,TANGER,SKU_00328,376,5
2024-05-20,TANGER,SKU_00329,312,40
2024-05-20,TANGER,SKU_00330,392,35
2024-05-20,TANGER,SKU_00331,394,49
2024-05-20,TANGER,SKU_00332,328,13
2024-05-20,TANGER,SKU_00333,284,29
2024-05-20,TANGER,SKU_00334,56,23
2024-05-20,TANGER,SKU_00335,453,44
2024-05-20,TANGER,SKU_00336,473,32
2024-05-20,TANGER,SKU_00337,427,12
2024-05-20,TANGER,SKU_00338,389,30
2024-05-20,TANGER,SKU_00339,120,1
2024-05-20,TANGER,SKU_00340,211,13
2024-05-20,TANGER,SKU_00341,299,30
2024-05-20,TANGER,SKU_00342,293,10
2024-05-20,TANGER,SKU_00343,466,11
2024-05-20,TANGER,SKU_00344,331,40
2024-05-20,TANGER,SKU_00345,335,32
2024-05-20,TANGER,SKU_00346,487,8
2024-05-20,TANGER,SKU_00347,368,0
2024-05-20,TANGER,SKU_00348,237,47
2024-05-20,TANGER,SKU_00349,459,35
2024-05-20,TANGER,SKU_00350,71,9
2024-05-20,TANGER,SKU_00351,497,49
2024-05-20,TANGER,SKU_00352,299,26
2024-05-20,TANGER,SKU_00353,83,34
2024-05-20,TANGER,SKU_00354,73,41
2024-05-20,TANGER,SKU_00355,466,18
2024-05-20,TANGER,SKU_00356,284,7
2024-05-20,TANGER,SKU_00357,493,17
2024-05-20,TANGER,SKU_00358,252,20
2024-05-20,TANGER,SKU_00359,433,8
2024-05-20,TANGER,SKU_00360,325,18
2024-05-20,TANGER,SKU_00361,330,24
2024-05-20,TANGER,SKU_00362,445,3
2024-05-20,TANGER,SKU_00363,292,17
2024-05-20,TANGER,SKU_00364,169,48
2024-05-20,TANGER,SKU_00365,448,46
2024-05-20,TANGER,SKU_00366,201,6
2024-05-20,TANGER,SKU_00367,204,28
2024-05-20,TANGER,SKU_00368,120,21
2024-05-20,TANGER,SKU_00369,325,45
2024-05-20,TANGER,SKU_00370,158,14
2024-05-20,TANGER,SKU_00371,236,2
2024-05-20,TANGER,SKU_00372,216,40
2024-05-20,TANGER,SKU_00373,326,3
2024-05-20,TANGER,SKU_00374,54,47
2024-05-20,TANGER,SKU_00375,164,3
2024-05-20,TANGER,SKU_00376,50,43
2024-05-20,TANGER,SKU_00377,117,24
2024-05-20,TANGER,SKU_00378,191,11
2024-05-20,TANGER,SKU_00379,244,32
2024-05-20,TANGER,SKU_00380,178,11
2024-05-20,TANGER,SKU_00381,241,2
2024-05-20,TANGER,SKU_00382,267,31
2024-05-20,TANGER,SKU_00383,377,4
2024-05-20,TANGER,SKU_00384,409,23
2024-05-20,TANGER,SKU_00385,371,6
2024-05-20,TANGER,SKU_00386,267,15
2024-05-20,TANGER,SKU_00387,155,33
2024-05-20,TANGER,SKU_00388,474,48
2024-05-20,TANGER,SKU_00389,408,44
2024-05-20,TANGER,SKU_00390,469,2
2024-05-20,TANGER,SKU_00391,360,2
2024-05-20,TANGER,SKU_00392,358,29
2024-05-20,TANGER,SKU_00393,57,25
2024-05-20,TANGER,SKU_00394,228,30
2024-05-20,TANGER,SKU_00395,133,16
2024-05-20,TANGER,SKU_00396,195,28
2024-05-20,TANGER,SKU_00397,138,32
2024-05-20,TANGER,SKU_00398,92,38
2024-05-20,TANGER,SKU_00399,234,31
2024-05-20,TANGER,SKU_00400,85,49
2024-05-20,TANGER,SKU_00401,304,12
2024-05-20,TANGER,SKU_00402,347,19
2024-05-20,TANGER,SKU_00403,102,34
2024-05-20,TANGER,SKU_00404,125,26
2024-05-20,TANGER,SKU_00405,153,27
2024-05-20,TANGER,SKU_00406,273,7
2024-05-20,TANGER,SKU_00407,442,38
2024-05-20,TANGER,SKU_00408,499,21
2024-05-20,TANGER,SKU_00409,490,16
2024-05-20,TANGER,SKU_00410,151,2
2024-05-20,TANGER,SKU_00411,419,0
2024-05-20,TANGER,SKU_00412,282,14
2024-05-20,TANGER,SKU_00413,170,15
2024-05-20,TANGER,SKU_00414,267,7
2024-05-20,TANGER,SKU_00415,329,37
2024-05-20,TANGER,SKU_00416,445,22
2024-05-20,TANGER,SKU_00417,345,30
2024-05-20,TANGER,SKU_00418,441,27
2024-05-20,TANGER,SKU_00419,244,35
2024-05-20,TANGER,SKU_00420,419,24
2024-05-20,TANGER,SKU_00421,320,18
2024-05-20,TANGER,SKU_00422,210,34
2024-05-20,TANGER,SKU_00423,380,17
2024-05-20,TANGER,SKU_00424,494,21
2024-05-20,TANGER,SKU_00425,158,5
2024-05-20,TANGER,SKU_00426,442,13
2024-05-20,TANGER,SKU_00427,109,2
2024-05-20,TANGER,SKU_00428,339,26
2024-05-20,TANGER,SKU_00429,150,4
2024-05-20,TANGER,SKU_00430,371,6
2024-05-20,TANGER,SKU_00431,280,14
2024-05-20,TANGER,SKU_00432,496,38
2024-05-20,TANGER,SKU_00433,456,30
2024-05-20,TANGER,SKU_00434,249,23
2024-05-20,TANGER,SKU_00435,332,38
2024-05-20,TANGER,SKU_00436,384,31
2024-05-20,TANGER,SKU_00437,276,18
2024-05-20,TANGER,SKU_00438,177,13
2024-05-20,TANGER,SKU_00439,87,47
2024-05-20,TANGER,SKU_00440,243,13
2024-05-20,TANGER,SKU_00441,379,36
2024-05-20,TANGER,SKU_00442,106,27
2024-05-20,TANGER,SKU_00443,234,44
2024-05-20,TANGER,SKU_00444,136,18
2024-05-20,TANGER,SKU_00445,195,25
2024-05-20,TANGER,SKU_00446,201,36
2024-05-20,TANGER,SKU_00447,137,36
2024-05-20,TANGER,SKU_00448,447,19
2024-05-20,TANGER,SKU_00449,344,23
2024-05-20,TANGER,SKU_00450,438,49
2024-05-20,TANGER,SKU_00451,489,2
2024-05-20,TANGER,SKU_00452,388,47
2024-05-20,TANGER,SKU_00453,192,49
2024-05-20,TANGER,SKU_00454,189,25
2024-05-20,TANGER,SKU_00455,199,30
2024-05-20,TANGER,SKU_00456,242,47
2024-05-20,TANGER,SKU_00457,374,24
2024-05-20,TANGER,SKU_00458,487,40
2024-05-20,TANGER,SKU_00459,414,45
2024-05-20,TANGER,SKU_00460,296,11
2024-05-20,TANGER,SKU_00461,442,35
2024-05-20,TANGER,SKU_00462,307,35
2024-05-20,TANGER,SKU_00463,446,46
2024-05-20,TANGER,SKU_00464,464,18
2024-05-20,TANGER,SKU_00465,188,45
2024-05-20,TANGER,SKU_00466,469,7
2024-05-20,TANGER,SKU_00467,474,5
2024-05-20,TANGER,SKU_00468,454,49
2024-05-20,TANGER,SKU_00469,274,3
2024-05-20,TANGER,SKU_00470,95,30
2024-05-20,TANGER,SKU_00471,348,1
2024-05-20,TANGER,SKU_00472,461,0
2024-05-20,TANGER,SKU_00473,334,29
2024-05-20,TANGER,SKU_00474,458,10
2024-05-20,TANGER,SKU_00475,228,14
2024-05-20,TANGER,SKU_00476,360,40
2024-05-20,TANGER,SKU_00477,267,13
2024-05-20,TANGER,SKU_00478,462,27
2024-05-20,TANGER,SKU_00479,454,38
2024-05-20,TANGER,SKU_00480,104,24
2024-05-20,TANGER,SKU_00481,402,23
2024-05-20,TANGER,SKU_00482,403,27
2024-05-20,TANGER,SKU_00483,356,3
2024-05-20,TANGER,SKU_00484,463,41
2024-05-20,TANGER,SKU_00485,152,43
2024-05-20,TANGER,SKU_00486,468,43
2024-05-20,TANGER,SKU_00487,157,42
2024-05-20,TANGER,SKU_00488,172,14
2024-05-20,TANGER,SKU_00489,232,15
2024-05-20,TANGER,SKU_00490,143,6
2024-05-20,TANGER,SKU_00491,288,20
2024-05-20,TANGER,SKU_00492,208,37
2024-05-20,TANGER,SKU_00493,486,33
2024-05-20,TANGER,SKU_00494,157,43
2024-05-20,TANGER,SKU_00495,77,34
2024-05-20,TANGER,SKU_00496,485,13
2024-05-20,TANGER,SKU_00497,89,29
2024-05-20,TANGER,SKU_00498,208,30
2024-05-20,TANGER,SKU_00499,208,6
2024-05-20,TANGER,SKU_00500,370,35
2024-05-20,TANGER,SKU_00501,281,48
2024-05-20,TANGER,SKU_00502,167,15
2024-05-20,TANGER,SKU_00503,495,38
2024-05-20,TANGER,SKU_00504,382,15
2024-05-20,TANGER,SKU_00505,441,38
2024-05-20,TANGER,SKU_00506,453,19
2024-05-20,TANGER,SKU_00507,174,4
2024-05-20,TANGER,SKU_00508,244,39
2024-05-20,TANGER,SKU_00509,244,28
2024-05-20,TANGER,SKU_00510,261,26
2024-05-20,TANGER,SKU_00511,145,49
2024-05-20,TANGER,SKU_00512,254,41
2024-05-20,TANGER,SKU_00513,312,29
2024-05-20,TANGER,SKU_00514,172,2
2024-05-20,TANGER,SKU_00515,254,36
2024-05-20,TANGER,SKU_00516,340,25
2024-05-20,TANGER,SKU_00517,136,29
2024-05-20,TANGER,SKU_00518,81,6
2024-05-20,TANGER,SKU_00519,383,37
2024-05-20,TANGER,SKU_00520,477,32
2024-05-20,TANGER,SKU_00521,211,35
2024-05-20,TANGER,SKU_00522,225,46
2024-05-20,TANGER,SKU_00523,222,24
2024-05-20,TANGER,SKU_00524,390,3
2024-05-20,TANGER,SKU_00525,431,27
2024-05-20,TANGER,SKU_00526,420,47
2024-05-20,TANGER,SKU_00527,68,4
2024-05-20,TANGER,SKU_00528,420,12
2024-05-20,TANGER,SKU_00529,401,18
2024-05-20,TANGER,SKU_00530,379,49
2024-05-20,TANGER,SKU_00531,158,1
2024-05-20,TANGER,SKU_00532,464,29
2024-05-20,TANGER,SKU_00533,286,41
2024-05-20,TANGER,SKU_00534,65,5
2024-05-20,TANGER,SKU_00535,221,39
2024-05-20,TANGER,SKU_00536,465,46
2024-05-20,TANGER,SKU_00537,248,24
2024-05-20,TANGER,SKU_00538,86,13
2024-05-20,TANGER,SKU_00539,192,16
2024-05-20,TANGER,SKU_00540,386,18
2024-05-20,TANGER,SKU_00541,102,7
2024-05-20,TANGER,SKU_00542,158,12
2024-05-20,TANGER,SKU_00543,476,36
2024-05-20,TANGER,SKU_00544,208,37
2024-05-20,TANGER,SKU_00545,470,30
2024-05-20,TANGER,SKU_00546,158,1
2024-05-20,TANGER,SKU_00547,333,13
2024-05-20,TANGER,SKU_00548,109,15
2024-05-20,TANGER,SKU_00549,147,36
2024-05-20,TANGER,SKU_00550,428,22
2024-05-20,TANGER,SKU_00551,362,42
2024-05-20,TANGER,SKU_00552,155,36
2024-05-20,TANGER,SKU_00553,118,7
2024-05-20,TANGER,SKU_00554,439,45
2024-05-20,TANGER,SKU_00555,352,35
2024-05-20,TANGER,SKU_00556,171,36
2024-05-20,TANGER,SKU_00557,317,19
2024-05-20,TANGER,SKU_00558,460,36
2024-05-20,TANGER,SKU_00559,55,31
2024-05-20,TANGER,SKU_00560,254,29
2024-05-20,TANGER,SKU_00561,303,25
2024-05-20,TANGER,SKU_00562,365,15
2024-05-20,TANGER,SKU_00563,393,18
2024-05-20,TANGER,SKU_00564,76,33
2024-05-20,TANGER,SKU_00565,413,43
2024-05-20,TANGER,SKU_00566,191,23
2024-05-20,TANGER,SKU_00567,187,35
2024-05-20,TANGER,SKU_00568,166,0
2024-05-20,TANGER,SKU_00569,363,16
2024-05-20,TANGER,SKU_00570,399,21
2024-05-20,TANGER,SKU_00571,247,10
2024-05-20,TANGER,SKU_00572,198,49
2024-05-20,TANGER,SKU_00573,323,0
2024-05-20,TANGER,SKU_00574,287,41
2024-05-20,TANGER,SKU_00575,451,15
2024-05-20,TANGER,SKU_00576,291,1
2024-05-20,TANGER,SKU_00577,354,0
2024-05-20,TANGER,SKU_00578,448,11
2024-05-20,TANGER,SKU_00579,377,9
2024-05-20,TANGER,SKU_00580,115,23
2024-05-20,TANGER,SKU_00581,296,38
2024-05-20,TANGER,SKU_00582,426,4
2024-05-20,TANGER,SKU_00583,334,45
2024-05-20,TANGER,SKU_00584,470,25
2024-05-20,TANGER,SKU_00585,190,16
2024-05-20,TANGER,SKU_00586,217,20
2024-05-20,TANGER,SKU_00587,350,22
2024-05-20,TANGER,SKU_00588,124,9
2024-05-20,TANGER,SKU_00589,404,43
2024-05-20,TANGER,SKU_00590,300,23
2024-05-20,TANGER,SKU_00591,328,32
2024-05-20,TANGER,SKU_00592,302,27
2024-05-20,TANGER,SKU_00593,348,13
2024-05-20,TANGER,SKU_00594,376,2
2024-05-20,TANGER,SKU_00595,91,29
2024-05-20,TANGER,SKU_00596,322,37
2024-05-20,TANGER,SKU_00597,181,43
2024-05-20,TANGER,SKU_00598,178,25
2024-05-20,TANGER,SKU_00599,415,28
2024-05-20,TANGER,SKU_00600,458,43
2024-05-20,TANGER,SKU_00601,197,28
2024-05-20,TANGER,SKU_00602,441,48
2024-05-20,TANGER,SKU_00603,62,2
2024-05-20,TANGER,SKU_00604,105,18
2024-05-20,TANGER,SKU_00605,221,29
2024-05-20,TANGER,SKU_00606,482,32
2024-05-20,TANGER,SKU_00607,483,8
2024-05-20,TANGER,SKU_00608,490,3
2024-05-20,TANGER,SKU_00609,190,6
2024-05-20,TANGER,SKU_00610,256,41
2024-05-20,TANGER,SKU_00611,349,14
2024-05-20,TANGER,SKU_00612,340,24
2024-05-20,TANGER,SKU_00613,154,49
2024-05-20,TANGER,SKU_00614,291,46
2024-05-20,TANGER,SKU_00615,455,23
2024-05-20,TANGER,SKU_00616,356,33
2024-05-20,TANGER,SKU_00617,385,27
2024-05-20,TANGER,SKU_00618,428,30
2024-05-20,TANGER,SKU_00619,350,28
2024-05-20,TANGER,SKU_00620,474,26
2024-05-20,TANGER,SKU_00621,383,29
2024-05-20,TANGER,SKU_00622,160,34
2024-05-20,TANGER,SKU_00623,251,10
2024-05-20,TANGER,SKU_00624,340,13
2024-05-20,TANGER,SKU_00625,246,18
2024-05-20,TANGER,SKU_00626,373,19
2024-05-20,TANGER,SKU_00627,356,3
2024-05-20,TANGER,SKU_00628,363,26
2024-05-20,TANGER,SKU_00629,488,34
2024-05-20,TANGER,SKU_00630,385,38
2024-05-20,TANGER,SKU_00631,83,27
2024-05-20,TANGER,SKU_00632,382,22
2024-05-20,TANGER,SKU_00633,331,39
2024-05-20,TANGER,SKU_00634,449,44
2024-05-20,TANGER,SKU_00635,414,38
2024-05-20,TANGER,SKU_00636,333,44
2024-05-20,TANGER,SKU_00637,202,24
2024-05-20,TANGER,SKU_00638,320,43
2024-05-20,TANGER,SKU_00639,95,2
2024-05-20,TANGER,SKU_00640,134,17
2024-05-20,TANGER,SKU_00641,218,21
2024-05-20,TANGER,SKU_00642,384,32
2024-05-20,TANGER,SKU_00643,199,18
2024-05-20,TANGER,SKU_00644,450,7
2024-05-20,TANGER,SKU_00645,138,39
2024-05-20,TANGER,SKU_00646,295,16
2024-05-20,TANGER,SKU_00647,407,37
2024-05-20,TANGER,SKU_00648,174,39
2024-05-20,TANGER,SKU_00649,144,11
2024-05-20,TANGER,SKU_00650,123,24
2024-05-20,TANGER,SKU_00651,194,2
2024-05-20,TANGER,SKU_00652,447,38
2024-05-20,TANGER,SKU_00653,445,37
2024-05-20,TANGER,SKU_00654,460,17
2024-05-20,TANGER,SKU_00655,121,10
2024-05-20,TANGER,SKU_00656,297,42
2024-05-20,TANGER,SKU_00657,319,22
2024-05-20,TANGER,SKU_00658,82,23
2024-05-20,TANGER,SKU_00659,277,32
2024-05-20,TANGER,SKU_00660,307,22
2024-05-20,TANGER,SKU_00661,470,7
2024-05-20,TANGER,SKU_00662,352,23
2024-05-20,TANGER,SKU_00663,434,26
2024-05-20,TANGER,SKU_00664,339,43
2024-05-20,TANGER,SKU_00665,340,17
2024-05-20,TANGER,SKU_00666,478,16
2024-05-20,TANGER,SKU_00667,233,39
2024-05-20,TANGER,SKU_00668,385,36
2024-05-20,TANGER,SKU_00669,470,12
2024-05-20,TANGER,SKU_00670,442,48
2024-05-20,TANGER,SKU_00671,396,14
2024-05-20,TANGER,SKU_00672,304,16
2024-05-20,TANGER,SKU_00673,198,6
2024-05-20,TANGER,SKU_00674,140,35
2024-05-20,TANGER,SKU_00675,201,13
2024-05-20,TANGER,SKU_00676,119,45
2024-05-20,TANGER,SKU_00677,158,2
2024-05-20,TANGER,SKU_00678,62,16
2024-05-20,TANGER,SKU_00679,473,35
2024-05-20,TANGER,SKU_00680,349,26
2024-05-20,TANGER,SKU_00681,165,24
2024-05-20,TANGER,SKU_00682,114,49
2024-05-20,TANGER,SKU_00683,125,27
2024-05-20,TANGER,SKU_00684,491,10
2024-05-20,TANGER,SKU_00685,108,29
2024-05-20,TANGER,SKU_00686,233,4
2024-05-20,TANGER,SKU_00687,193,1
2024-05-20,TANGER,SKU_00688,366,5
2024-05-20,TANGER,SKU_00689,227,21
2024-05-20,TANGER,SKU_00690,192,27
2024-05-20,TANGER,SKU_00691,203,18
2024-05-20,TANGER,SKU_00692,343,39
2024-05-20,TANGER,SKU_00693,361,20
2024-05-20,TANGER,SKU_00694,468,28
2024-05-20,TANGER,SKU_00695,294,1
2024-05-20,TANGER,SKU_00696,205,24
2024-05-20,TANGER,SKU_00697,210,8
2024-05-20,TANGER,SKU_00698,94,49
2024-05-20,TANGER,SKU_00699,225,22
2024-05-20,TANGER,SKU_00700,364,3
2024-05-20,TANGER,SKU_00701,428,26
2024-05-20,TANGER,SKU_00702,353,26
2024-05-20,TANGER,SKU_00703,106,6
2024-05-20,TANGER,SKU_00704,317,32
2024-05-20,TANGER,SKU_00705,242,5
2024-05-20,TANGER,SKU_00706,281,47
2024-05-20,TANGER,SKU_00707,309,36
2024-05-20,TANGER,SKU_00708,191,30
2024-05-20,TANGER,SKU_00709,300,39
2024-05-20,TANGER,SKU_00710,344,5
2024-05-20,TANGER,SKU_00711,348,39
2024-05-20,TANGER,SKU_00712,71,13
2024-05-20,TANGER,SKU_00713,152,14
2024-05-20,TANGER,SKU_00714,491,12
2024-05-20,TANGER,SKU_00715,71,23
2024-05-20,TANGER,SKU_00716,116,26
2024-05-20,TANGER,SKU_00717,130,30
2024-05-20,TANGER,SKU_00718,449,45
2024-05-20,TANGER,SKU_00719,200,5
2024-05-20,TANGER,SKU_00720,149,42
2024-05-20,TANGER,SKU_00721,467,6
2024-05-20,TANGER,SKU_00722,192,37
2024-05-20,TANGER,SKU_00723,81,13
2024-05-20,TANGER,SKU_00724,342,37
2024-05-20,TANGER,SKU_00725,147,44
2024-05-20,TANGER,SKU_00726,159,22
2024-05-20,TANGER,SKU_00727,205,2
2024-05-20,TANGER,SKU_00728,449,18
2024-05-20,TANGER,SKU_00729,433,39
2024-05-20,TANGER,SKU_00730,410,6
2024-05-20,TANGER,SKU_00731,177,33
2024-05-20,TANGER,SKU_00732,54,0
2024-05-20,TANGER,SKU_00733,467,45
2024-05-20,TANGER,SKU_00734,495,49
2024-05-20,TANGER,SKU_00735,51,48
2024-05-20,TANGER,SKU_00736,317,25
2024-05-20,TANGER,SKU_00737,168,41
2024-05-20,TANGER,SKU_00738,348,15
2024-05-20,TANGER,SKU_00739,389,3
2024-05-20,TANGER,SKU_00740,419,42
2024-05-20,TANGER,SKU_00741,486,15
2024-05-20,TANGER,SKU_00742,101,19
2024-05-20,TANGER,SKU_00743,163,41
2024-05-20,TANGER,SKU_00744,129,27
2024-05-20,TANGER,SKU_00745,102,41
2024-05-20,TANGER,SKU_00746,117,19
2024-05-20,TANGER,SKU_00747,186,15
2024-05-20,TANGER,SKU_00748,464,14
2024-05-20,TANGER,SKU_00749,272,33
2024-05-20,TANGER,SKU_00750,306,18
2024-05-20,TANGER,SKU_00751,169,45
2024-05-20,TANGER,SKU_00752,376,12
2024-05-20,TANGER,SKU_00753,253,15
2024-05-20,TANGER,SKU_00754,64,16
2024-05-20,TANGER,SKU_00755,91,19
2024-05-20,TANGER,SKU_00756,240,1
2024-05-20,TANGER,SKU_00757,100,8
2024-05-20,TANGER,SKU_00758,160,30
2024-05-20,TANGER,SKU_00759,269,17
2024-05-20,TANGER,SKU_00760,179,34
2024-05-20,TANGER,SKU_00761,175,39
2024-05-20,TANGER,SKU_00762,479,30
2024-05-20,TANGER,SKU_00763,278,8
2024-05-20,TANGER,SKU_00764,87,37
2024-05-20,TANGER,SKU_00765,458,4
2024-05-20,TANGER,SKU_00766,288,27
2024-05-20,TANGER,SKU_00767,343,10
2024-05-20,TANGER,SKU_00768,430,33
2024-05-20,TANGER,SKU_00769,119,1
2024-05-20,TANGER,SKU_00770,347,25
2024-05-20,TANGER,SKU_00771,492,10
2024-05-20,TANGER,SKU_00772,357,10
2024-05-20,TANGER,SKU_00773,489,2
2024-05-20,TANGER,SKU_00774,79,1
2024-05-20,TANGER,SKU_00775,292,29
2024-05-20,TANGER,SKU_00776,490,32
2024-05-20,TANGER,SKU_00777,449,20
2024-05-20,TANGER,SKU_00778,242,33
2024-05-20,TANGER,SKU_00779,499,35
2024-05-20,TANGER,SKU_00780,328,43
2024-05-20,TANGER,SKU_00781,248,35
2024-05-20,TANGER,SKU_00782,488,11
2024-05-20,TANGER,SKU_00783,227,48
2024-05-20,TANGER,SKU_00784,340,22
2024-05-20,TANGER,SKU_00785,176,45
2024-05-20,TANGER,SKU_00786,137,10
2024-05-20,TANGER,SKU_00787,166,43
2024-05-20,TANGER,SKU_00788,341,24
2024-05-20,TANGER,SKU_00789,492,6
2024-05-20,TANGER,SKU_00790,209,28
2024-05-20,TANGER,SKU_00791,115,10
2024-05-20,TANGER,SKU_00792,220,12
2024-05-20,TANGER,SKU_00793,277,14
2024-05-20,TANGER,SKU_00794,244,17
2024-05-20,TANGER,SKU_00795,265,48
2024-05-20,TANGER,SKU_00796,386,21
2024-05-20,TANGER,SKU_00797,194,0
2024-05-20,TANGER,SKU_00798,437,32
2024-05-20,TANGER,SKU_00799,372,9
2024-05-20,TANGER,SKU_00800,155,29
2024-05-20,TANGER,SKU_00801,164,28
2024-05-20,TANGER,SKU_00802,497,35
2024-05-20,TANGER,SKU_00803,364,6
2024-05-20,TANGER,SKU_00804,144,41
2024-05-20,TANGER,SKU_00805,391,48
2024-05-20,TANGER,SKU_00806,227,8
2024-05-20,TANGER,SKU_00807,368,23
2024-05-20,TANGER,SKU_00808,73,11
2024-05-20,TANGER,SKU_00809,345,31
2024-05-20,TANGER,SKU_00810,89,2
2024-05-20,TANGER,SKU_00811,64,23
2024-05-20,TANGER,SKU_00812,85,39
2024-05-20,TANGER,SKU_00813,109,4
2024-05-20,TANGER,SKU_00814,230,33
2024-05-20,TANGER,SKU_00815,153,16
2024-05-20,TANGER,SKU_00816,203,11
2024-05-20,TANGER,SKU_00817,57,41
2024-05-20,TANGER,SKU_00818,446,2
2024-05-20,TANGER,SKU_00819,137,39
2024-05-20,TANGER,SKU_00820,54,33
2024-05-20,TANGER,SKU_00821,138,29
2024-05-20,TANGER,SKU_00822,363,11
2024-05-20,TANGER,SKU_00823,456,29
2024-05-20,TANGER,SKU_00824,77,31
2024-05-20,TANGER,SKU_00825,341,28
2024-05-20,TANGER,SKU_00826,275,42
2024-05-20,TANGER,SKU_00827,229,40
2024-05-20,TANGER,SKU_00828,246,49
2024-05-20,TANGER,SKU_00829,471,25
2024-05-20,TANGER,SKU_00830,99,1
2024-05-20,TANGER,SKU_00831,145,42
2024-05-20,TANGER,SKU_00832,184,8
2024-05-20,TANGER,SKU_00833,179,17
2024-05-20,TANGER,SKU_00834,284,47
2024-05-20,TANGER,SKU_00835,223,34
2024-05-20,TANGER,SKU_00836,75,5
2024-05-20,TANGER,SKU_00837,428,9
2024-05-20,TANGER,SKU_00838,467,15
2024-05-20,TANGER,SKU_00839,191,24
2024-05-20,TANGER,SKU_00840,480,23
2024-05-20,TANGER,SKU_00841,450,1
2024-05-20,TANGER,SKU_00842,339,42
2024-05-20,TANGER,SKU_00843,413,20
2024-05-20,TANGER,SKU_00844,363,46
2024-05-20,TANGER,SKU_00845,474,10
2024-05-20,TANGER,SKU_00846,376,34
2024-05-20,TANGER,SKU_00847,188,39
2024-05-20,TANGER,SKU_00848,393,19
2024-05-20,TANGER,SKU_00849,271,10
2024-05-20,TANGER,SKU_00850,338,37
2024-05-20,TANGER,SKU_00851,215,30
2024-05-20,TANGER,SKU_00852,158,11
2024-05-20,TANGER,SKU_00853,226,38
2024-05-20,TANGER,SKU_00854,202,26
2024-05-20,TANGER,SKU_00855,53,20
2024-05-20,TANGER,SKU_00856,87,18
2024-05-20,TANGER,SKU_00857,221,41
2024-05-20,TANGER,SKU_00858,365,11
2024-05-20,TANGER,SKU_00859,250,49
2024-05-20,TANGER,SKU_00860,313,23
2024-05-20,TANGER,SKU_00861,223,18
2024-05-20,TANGER,SKU_00862,200,35
2024-05-20,TANGER,SKU_00863,302,32
2024-05-20,TANGER,SKU_00864,207,9
2024-05-20,TANGER,SKU_00865,155,28
2024-05-20,TANGER,SKU_00866,263,15
2024-05-20,TANGER,SKU_00867,109,12
2024-05-20,TANGER,SKU_00868,483,8
2024-05-20,TANGER,SKU_00869,117,30
2024-05-20,TANGER,SKU_00870,208,22
2024-05-20,TANGER,SKU_00871,249,3
2024-05-20,TANGER,SKU_00872,104,23
2024-05-20,TANGER,SKU_00873,470,22
2024-05-20,TANGER,SKU_00874,378,7
2024-05-20,TANGER,SKU_00875,113,39
2024-05-20,TANGER,SKU_00876,241,3
2024-05-20,TANGER,SKU_00877,204,40
2024-05-20,TANGER,SKU_00878,456,48
2024-05-20,TANGER,SKU_00879,346,2
2024-05-20,TANGER,SKU_00880,427,2
2024-05-20,TANGER,SKU_00881,214,42
2024-05-20,TANGER,SKU_00882,264,39
2024-05-20,TANGER,SKU_00883,75,39
2024-05-20,TANGER,SKU_00884,204,37
2024-05-20,TANGER,SKU_00885,260,5
2024-05-20,TANGER,SKU_00886,66,34
2024-05-20,TANGER,SKU_00887,183,35
2024-05-20,TANGER,SKU_00888,214,42
2024-05-20,TANGER,SKU_00889,131,44
2024-05-20,TANGER,SKU_00890,362,20
2024-05-20,TANGER,SKU_00891,51,44
2024-05-20,TANGER,SKU_00892,257,4
2024-05-20,TANGER,SKU_00893,339,39
2024-05-20,TANGER,SKU_00894,305,1
2024-05-20,TANGER,SKU_00895,376,33
2024-05-20,TANGER,SKU_00896,335,9
2024-05-20,TANGER,SKU_00897,395,6
2024-05-20,TANGER,SKU_00898,264,42
2024-05-20,TANGER,SKU_00899,84,41
2024-05-20,TANGER,SKU_00900,145,39
2024-05-20,TANGER,SKU_00901,400,40
2024-05-20,TANGER,SKU_00902,140,6
2024-05-20,TANGER,SKU_00903,420,7
2024-05-20,TANGER,SKU_00904,294,40
2024-05-20,TANGER,SKU_00905,334,24
2024-05-20,TANGER,SKU_00906,118,48
2024-05-20,TANGER,SKU_00907,278,39
2024-05-20,TANGER,SKU_00908,341,15
2024-05-20,TANGER,SKU_00909,360,17
2024-05-20,TANGER,SKU_00910,301,41
2024-05-20,TANGER,SKU_00911,343,36
2024-05-20,TANGER,SKU_00912,374,16
2024-05-20,TANGER,SKU_00913,215,28
2024-05-20,TANGER,SKU_00914,485,2
2024-05-20,TANGER,SKU_00915,233,1
2024-05-20,TANGER,SKU_00916,321,11
2024-05-20,TANGER,SKU_00917,343,24
2024-05-20,TANGER,SKU_00918,167,33
2024-05-20,TANGER,SKU_00919,160,0
2024-05-20,TANGER,SKU_00920,190,32
2024-05-20,TANGER,SKU_00921,202,5
2024-05-20,TANGER,SKU_00922,197,8
2024-05-20,TANGER,SKU_00923,121,34
2024-05-20,TANGER,SKU_00924,193,17
2024-05-20,TANGER,SKU_00925,230,34
2024-05-20,TANGER,SKU_00926,250,32
2024-05-20,TANGER,SKU_00927,422,22
2024-05-20,TANGER,SKU_00928,267,27
2024-05-20,TANGER,SKU_00929,190,30
2024-05-20,TANGER,SKU_00930,386,37
2024-05-20,TANGER,SKU_00931,263,3
2024-05-20,TANGER,SKU_00932,304,46
2024-05-20,TANGER,SKU_00933,449,17
2024-05-20,TANGER,SKU_00934,472,25
2024-05-20,TANGER,SKU_00935,100,44
2024-05-20,TANGER,SKU_00936,176,3
2024-05-20,TANGER,SKU_00937,381,43
2024-05-20,TANGER,SKU_00938,303,12
2024-05-20,TANGER,SKU_00939,302,7
2024-05-20,TANGER,SKU_00940,396,31
2024-05-20,TANGER,SKU_00941,396,45
2024-05-20,TANGER,SKU_00942,443,44
2024-05-20,TANGER,SKU_00943,181,46
2024-05-20,TANGER,SKU_00944,202,19
2024-05-20,TANGER,SKU_00945,464,12
2024-05-20,TANGER,SKU_00946,137,45
2024-05-20,TANGER,SKU_00947,223,16
2024-05-20,TANGER,SKU_00948,460,9
2024-05-20,TANGER,SKU_00949,177,36
2024-05-20,TANGER,SKU_00950,349,26
2024-05-20,TANGER,SKU_00951,271,1
2024-05-20,TANGER,SKU_00952,263,46
2024-05-20,TANGER,SKU_00953,257,46
2024-05-20,TANGER,SKU_00954,293,1
2024-05-20,TANGER,SKU_00955,421,40
2024-05-20,TANGER,SKU_00956,476,32
2024-05-20,TANGER,SKU_00957,492,27
2024-05-20,TANGER,SKU_00958,453,27
2024-05-20,TANGER,SKU_00959,62,33
2024-05-20,TANGER,SKU_00960,223,41
2024-05-20,TANGER,SKU_00961,140,10
2024-05-20,TANGER,SKU_00962,109,4
2024-05-20,TANGER,SKU_00963,193,14
2024-05-20,TANGER,SKU_00964,178,16
2024-05-20,TANGER,SKU_00965,210,40
2024-05-20,TANGER,SKU_00966,145,46
2024-05-20,TANGER,SKU_00967,415,8
2024-05-20,TANGER,SKU_00968,76,16
2024-05-20,TANGER,SKU_00969,146,7
2024-05-20,TANGER,SKU_00970,250,36
2024-05-20,TANGER,SKU_00971,109,16
2024-05-20,TANGER,SKU_00972,494,45
2024-05-20,TANGER,SKU_00973,158,44
2024-05-20,TANGER,SKU_00974,186,39
2024-05-20,TANGER,SKU_00975,367,25
2024-05-20,TANGER,SKU_00976,412,40
2024-05-20,TANGER,SKU_00977,282,31
2024-05-20,TANGER,SKU_00978,249,10
2024-05-20,TANGER,SKU_00979,479,9
2024-05-20,TANGER,SKU_00980,67,21
2024-05-20,TANGER,SKU_00981,312,12
2024-05-20,TANGER,SKU_00982,321,49
2024-05-20,TANGER,SKU_00983,276,42
2024-05-20,TANGER,SKU_00984,75,45
2024-05-20,TANGER,SKU_00985,268,12
2024-05-20,TANGER,SKU_00986,476,6
2024-05-20,TANGER,SKU_00987,60,37
2024-05-20,TANGER,SKU_00988,481,15
2024-05-20,TANGER,SKU_00989,123,38
2024-05-20,TANGER,SKU_00990,65,45
2024-05-20,TANGER,SKU_00991,471,34
2024-05-20,TANGER,SKU_00992,472,4
2024-05-20,TANGER,SKU_00993,103,31
2024-05-20,TANGER,SKU_00994,132,11
2024-05-20,TANGER,SKU_00995,300,25
2024-05-20,TANGER,SKU_00996,214,8
2024-05-20,TANGER,SKU_00997,203,24
2024-05-20,TANGER,SKU_00998,177,9
2024-05-20,TANGER,SKU_00999,303,28
2024-05-20,TANGER,SKU_01000,480,37
